idPersona,mail,nacimiento,nombre
101,vitae@incursuset.org,1990-06-12,Xantha M. Guzman
102,Donec.vitae.erat@vel.org,2002-04-08,Brenna J. Hernandez
103,mus.Aenean@eratvolutpat.org,1998-04-08,Acton F. Caldwell
104,tempor@in.edu,1988-10-11,Stephanie G. Sims
105,arcu.Sed@egestasblandit.edu,1990-08-12,Shafira Bray
106,consequat.enim.diam@elitCurabitur.net,2005-06-06,Gabriel W. Duran
107,cursus.et.eros@elementum.ca,1997-05-16,Steel P. Blackwell
108,aliquam.arcu@ultricesmaurisipsum.co.uk,1991-07-14,Desirae Heath
109,volutpat@semut.co.uk,1992-12-04,Yetta Oneil
110,ac.fermentum.vel@Duis.ca,2001-11-01,Henry Gallegos
111,scelerisque.lorem.ipsum@enimEtiamimperdiet.org,2005-04-03,Katelyn Justice
112,odio.tristique.pharetra@Duissitamet.net,2003-02-26,Alana Powell
113,lacus@semvitaealiquam.co.uk,2003-05-26,Eaton Hardy
114,ipsum.non@sapienimperdiet.edu,1988-09-27,Asher F. Rodriguez
115,Integer.tincidunt.aliquam@lectussitamet.ca,1994-04-08,Veda E. Newton
116,nisl@necmalesuada.com,1999-06-19,Gage Hensley
117,luctus.ut.pellentesque@odio.co.uk,1998-09-28,Georgia B. Dale
118,non@amet.edu,2004-08-13,Zahir Terrell
119,nibh@dignissimlacusAliquam.ca,1998-02-22,Iris Gates
120,Integer.tincidunt@musProinvel.net,1997-12-23,Erin Nolan
121,sit@consequat.com,2000-01-23,Neville P. Buckley
122,rutrum.non@nequeIn.edu,2001-05-17,Cecilia Callahan
123,tempor.arcu@nuncQuisque.ca,1983-08-07,Herman I. Gill
124,vitae.risus.Duis@tempor.net,2003-05-06,Gisela T. Mueller
125,Nullam@blandit.co.uk,1985-09-27,Halee F. Brown
126,nec@Duisrisus.co.uk,1988-02-10,Graham Chavez
127,eleifend.Cras@sed.org,1986-03-09,Candace F. Knight
128,viverra@pede.org,1982-03-21,Emery G. Landry
129,Sed.eget@ornare.co.uk,1984-03-28,Aurora Talley
130,Phasellus.libero@non.com,1990-04-24,Jolie Johnston
131,interdum.enim.non@pharetraQuisque.com,2002-03-09,Adria V. Harrison
132,eu.sem.Pellentesque@sitamet.org,1999-03-16,Lani Norman
133,Nunc.mauris.elit@nequeMorbi.com,1996-08-02,Hop P. Camacho
134,Suspendisse@arcu.com,1992-04-28,Pandora Chambers
135,dui@consectetueradipiscing.co.uk,1992-02-23,Roth Franks
136,est.mauris.rhoncus@malesuada.co.uk,1987-08-24,Stewart Leach
137,pretium@acfeugiatnon.edu,2002-04-24,Owen N. Wells
138,ante@auctor.net,2002-08-07,Kieran M. Mckee
139,Aliquam.erat.volutpat@pede.ca,2002-10-22,Devin Cervantes
140,nascetur.ridiculus.mus@massanonante.org,1992-04-28,Malik B. Oneil
141,a.tortor.Nunc@mus.edu,2002-04-02,Emma H. Golden
142,posuere.enim@lacusEtiambibendum.co.uk,1997-12-16,Fiona T. Santiago
143,dui.Suspendisse@molestiesodales.net,2003-10-28,Margaret Browning
144,lorem@sedest.org,1993-09-14,Kiayada Blankenship
145,dignissim@sit.net,1994-04-02,Deborah Q. Herring
146,consectetuer.euismod.est@liberolacusvarius.com,1988-05-10,Dean Murphy
147,in.lobortis.tellus@eratnequenon.ca,1999-03-22,Barry Beach
148,libero.Morbi.accumsan@ut.edu,1995-07-07,Alma K. Simon
149,nonummy.ipsum.non@tellus.com,1987-07-13,Hop Boyd
150,taciti@ligulaeu.com,1982-12-27,Eden R. Clemons
151,porttitor.scelerisque@pedeCum.co.uk,1989-05-09,India Mooney
152,sit.amet.risus@Pellentesqueultriciesdignissim.co.uk,2004-10-15,Robert W. Bentley
153,nibh.sit@sapienCras.com,1983-03-03,Desirae Bates
154,senectus.et.netus@Praesent.co.uk,1993-04-18,Harding Doyle
155,urna@bibendum.org,1989-02-04,Dominique Hale
156,amet@placerateget.ca,1990-06-15,Maisie Travis
157,tincidunt.nunc@aliquam.ca,2004-01-08,Tad Brown
158,vehicula.aliquet.libero@sempertellusid.edu,1986-10-11,Lamar Rollins
159,dolor@Proin.net,2004-08-14,Haviva Montoya
160,nec.quam.Curabitur@nonbibendumsed.ca,1988-04-17,Moses Sanford
161,eget@ametorci.edu,2000-08-18,Damian K. Humphrey
162,risus@Aliquam.ca,1994-04-07,McKenzie K. Brewer
163,Nulla.facilisi.Sed@montesnascetur.org,2005-03-16,Cheyenne Rush
164,volutpat.nunc.sit@Aliquameratvolutpat.co.uk,1997-12-07,Shaeleigh Walker
165,vitae.purus@ac.co.uk,1990-09-27,Lacy Hays
166,non.enim@vitaemauris.net,1982-06-06,Cole T. Foster
167,Nam@purus.net,1998-11-10,Matthew B. Hall
168,non.enim@elementumdui.co.uk,2004-12-11,Ira Raymond
169,quis@sedsemegestas.co.uk,1989-05-12,MacKensie P. Robles
170,pellentesque.a@convallisconvallisdolor.ca,2002-08-19,Dennis I. Sutton
171,non@tincidunt.ca,1988-07-24,Abraham Richard
172,mi.Aliquam@seddictumeleifend.com,1985-04-12,Phoebe Cooper
173,ornare@idmagnaet.edu,1986-03-13,Talon Y. Ray
174,mi@felisegetvarius.com,1990-03-03,Carl Alvarado
175,orci.quis@pharetra.ca,1989-03-23,Aaron Schultz
176,nonummy@facilisismagna.edu,2002-12-03,Sebastian I. Mccoy
177,per.inceptos@Aliquamornare.com,1990-04-26,Buckminster Lindsey
178,eu@augueeu.co.uk,1987-01-20,Chelsea Copeland
179,nunc@montes.ca,1988-05-12,Carl Gould
180,morbi.tristique.senectus@Morbiaccumsanlaoreet.ca,2002-07-12,Preston Hobbs
181,erat.eget@necquam.co.uk,1998-11-03,Gretchen Salinas
182,sollicitudin@In.org,1998-07-21,Stephanie I. Harmon
183,ut.ipsum@vulputate.org,1997-12-25,Nomlanga Avila
184,vel.nisl@mattisCraseget.ca,1983-03-18,Gary Meyer
185,enim.Mauris@sapienAeneanmassa.co.uk,1983-10-08,Gay Buchanan
186,elit.sed@porttitorscelerisque.edu,2003-10-12,Emerson E. Dixon
187,lacus.pede.sagittis@nec.co.uk,1995-11-17,Mikayla Patton
188,gravida.molestie@nullamagna.com,1992-06-10,Aladdin O. White
189,felis@est.net,1990-04-12,Malcolm A. Davenport
190,arcu@Inscelerisquescelerisque.com,1994-12-14,Patrick Conner
191,sem.magna.nec@NullaaliquetProin.co.uk,2003-10-11,Chandler P. Marks
192,tempor@ullamcorpervelitin.ca,2004-07-14,Edan Pratt
193,volutpat@vitaealiquet.co.uk,1988-03-28,Abraham S. Stevenson
194,nisi.a@vulputatevelit.edu,1999-10-10,Violet K. Stark
195,elementum.sem.vitae@tellusimperdietnon.edu,2005-09-25,Dominique Flores
196,et.euismod.et@sapiencursus.org,2002-03-06,Linus Gray
197,sit.amet.massa@rhoncusDonecest.net,1989-12-19,Seth Lott
198,tristique.pharetra.Quisque@lectus.org,1997-05-08,Irma Farley
199,viverra.Donec@metus.org,1998-05-22,Lance Vance
200,dui.Cum.sociis@ullamcorper.org,1997-06-23,Edward Marsh
